 Banyule,2021,1 North West Metro,2021.1,December,"4,243.50","5,405",1,"4,243.50.1"
 Ararat,2023,4 Western,2023,December,"8,318.90",981,1,"8,318.90"
 Loddon,2014,4 Western,2014,December,"3,154.50",237,1,"3,154.50"
 Cardinia,2020,3 Southern Metro,2020,December,"4,919.10","5,731",1,"4,919.10"
 Mornington Peninsula,2017,3 Southern Metro,2017,December,"5,154.50","8,463",1,"5,154.50"
 Bayside,2018,3 Southern Metro,2018,December,"3,533.60","3,697",1,"3,533.60"
 Stonnington,2015,3 Southern Metro,2015,December,"7,197.20","7,775",1,"7,197.20"
 Northern Grampians,2023,4 Western,2023,December,"6,180.70",732,1,"6,180.70"
 Gannawarra,2014,4 Western,2014,December,"4,053.50",427,1,"4,053.50"
 Alpine,2017,2 Eastern,2017,December,"2,443.40",310,1,"2,443.40"
 Bayside,2016,3 Southern Metro,2016,December,"4,088.00","4,207",1,"4,088.00"
 Maroondah,2016,2 Eastern,2016,December,"5,898.10","6,771",1,"5,898.10"
 East Gippsland,2018,2 Eastern,2018,December,"6,759.70","3,169",1,"6,759.70"
 Justice Institutions and Immigration Facilities,2023,Justice Institutions and Immigration Facilities,2023,December,,983,1,
 Port Phillip,2022,3 Southern Metro,2022,December,"9,152.80","9,518",1,"9,152.80"
 Benalla,2021,2 Eastern,2021,December,"6,871.70",992,1,"6,871.70"
 Glenelg,2015,4 Western,2015,December,"6,221.50","1,227",1,"6,221.50"
 Bass Coast,2017,2 Eastern,2017,December,"5,571.50","1,936",1,"5,571.50"
 Kingston,2019,3 Southern Metro,2019,December,"5,464.60","8,917",1,"5,464.60"
 Surf Coast,2016,4 Western,2016,December,"3,587.70","1,093",1,"3,587.70"
 Darebin,2019,1 North West Metro,2019,December,"7,257.60","11,416",1,"7,257.60"
 Boroondara,2022,2 Eastern,2022,December,"3,291.40","5,579",1,"3,291.40"
 Benalla,2017,2 Eastern,2017,December,"6,940.00",975,1,"6,940.00"
 Mansfield,2019,2 Eastern,2019,December,"3,345.00",315,1,"3,345.00"
 Golden Plains,2023,4 Western,2023,December,"2,109.80",543,1,"2,109.80"
 Corangamite,2015,4 Western,2015,December,"3,109.30",506,1,"3,109.30"
 Whitehorse,2014,2 Eastern,2014,December,"3,468.20","5,699",1,"3,468.20"
 Yarriambiack,2019,4 Western,2019,December,"4,419.50",295,1,"4,419.50"
 Brimbank,2015,1 North West Metro,2015,December,"7,377.30","14,818",1,"7,377.30"
 Casey,2014,3 Southern Metro,2014,December,"4,488.80","12,925",1,"4,488.80"
 Hindmarsh,2019,4 Western,2019,December,"4,040.20",229,1,"4,040.20"
 Swan Hill,2014,4 Western,2014,December,"7,779.40","1,629",1,"7,779.40"
 Northern Grampians,2020,4 Western,2020,December,"7,064.80",834,1,"7,064.80"
 Mornington Peninsula,2015,3 Southern Metro,2015,December,"5,121.20","8,134",1,"5,121.20"
 Strathbogie,2018,2 Eastern,2018,December,"4,099.10",440,1,"4,099.10"
 Bayside,2020,3 Southern Metro,2020,December,"3,924.10","4,121",1,"3,924.10"
 Wellington,2022,2 Eastern,2022,December,"6,657.40","3,049",1,"6,657.40"
 Bass Coast,2015,2 Eastern,2015,December,"5,915.40","1,927",1,"5,915.40"
 Greater Bendigo,2017,4 Western,2017,December,"6,301.10","7,200",1,"6,301.10"
 Bayside,2022,3 Southern Metro,2022,December,"3,676.00","3,756",1,"3,676.00"
 West Wimmera,2017,4 Western,2017,December,"3,188.30",126,1,"3,188.30"
 Mornington Peninsula,2019,3 Southern Metro,2019,December,"5,134.80","8,657",1,"5,134.80"
 Melbourne,2021,1 North West Metro,2021,December,"16,085.20","24,628",1,"16,085.20"
 Surf Coast,2014,4 Western,2014,December,"3,401.00",982,1,"3,401.00"
 Moonee Valley,2023,1 North West Metro,2023,December,"4,849.70","6,121",1,"4,849.70"
 Macedon Ranges,2020,4 Western,2020,December,"3,756.80","1,912",1,"3,756.80"
 Cardinia,2016,3 Southern Metro,2016,December,"5,513.80","5,380",1,"5,513.80"
 Whitehorse,2019,2 Eastern,2019,December,"4,133.40","7,269",1,"4,133.40"
 Northern Grampians,2021,4 Western,2021,December,"6,999.80",832,1,"6,999.80"
 Corangamite,2018,4 Western,2018,December,"3,339.30",542,1,"3,339.30"
 Yarriambiack,2014,4 Western,2014,December,"2,729.60",189,1,"2,729.60"
 Brimbank,2018,1 North West Metro,2018,December,"7,040.40","14,572",1,"7,040.40"
 Banyule,2015,1 North West Metro,2015,December,"5,437.50","6,856",1,"5,437.50"
 Moira,2017,2 Eastern,2017,December,"4,876.00","1,449",1,"4,876.00"
 Stonnington,2021,3 Southern Metro,2021,December,"7,582.60","8,052",1,"7,582.60"
 Towong,2016,2 Eastern,2016,December,"2,911.00",176,1,"2,911.00"
 Ballarat,2019,4 Western,2019,December,"8,132.20","8,927",1,"8,132.20"
 Gannawarra,2016,4 Western,2016,December,"4,646.50",491,1,"4,646.50"
 Mitchell,2015,2 Eastern,2015,December,"6,596.50","2,656",1,"6,596.50"
 Colac-Otway,2016,4 Western,2016,December,"6,764.30","1,445",1,"6,764.30"
 Wangaratta,2021,2 Eastern,2021,December,"5,630.10","1,675",1,"5,630.10"
 Wodonga,2016,2 Eastern,2016,December,"6,224.40","2,496",1,"6,224.40"
 Wyndham,2016,1 North West Metro,2016,December,"5,449.10","12,370",1,"5,449.10"
 Moyne,2014,4 Western,2014,December,"2,846.40",470,1,"2,846.40"
 Maroondah,2014,2 Eastern,2014,December,"5,269.20","5,871",1,"5,269.20"
 Alpine,2018,2 Eastern,2018,December,"3,065.00",393,1,"3,065.00"
 Yarra Ranges,2023,2 Eastern,2023,December,"3,040.90","4,830",1,"3,040.90"
 South Gippsland,2020,2 Eastern,2020,December,"4,139.10","1,253",1,"4,139.10"
 Banyule,2018,1 North West Metro,2018,December,"5,526.60","7,165",1,"5,526.60"
 Mount Alexander,2018,4 Western,2018,December,"3,538.50",690,1,"3,538.50"
 Yarra,2021,1 North West Metro,2021,December,"10,113.50","9,256",1,"10,113.50"
 Moorabool,2022,4 Western,2022,December,"3,747.50","1,443",1,"3,747.50"
 Pyrenees,2018,4 Western,2018,December,"4,640.40",340,1,"4,640.40"
 Whittlesea,2014,1 North West Metro,2014,December,"5,449.70","10,240",1,"5,449.70"
 Hobsons Bay,2014,1 North West Metro,2014,December,"6,146.00","5,557",1,"6,146.00"
 Buloke,2021,4 Western,2021,December,"3,163.70",194,1,"3,163.70"
 Ballarat,2015,4 Western,2015,December,"8,602.80","8,730",1,"8,602.80"
 Greater Geelong,2018,4 Western,2018,December,"6,323.30","16,009",1,"6,323.30"
 Northern Grampians,2018,4 Western,2018,December,"6,567.00",764,1,"6,567.00"
 Buloke,2023,4 Western,2023,December,"4,579.80",279,1,"4,579.80"
 Manningham,2021,2 Eastern,2021,December,"2,374.00","2,987",1,"2,374.00"
 Ararat,2015,4 Western,2015,December,"7,815.20",910,1,"7,815.20"
 Cardinia,2022,3 Southern Metro,2022,December,"3,585.60","4,414",1,"3,585.60"
 Latrobe,2019,2 Eastern,2019,December,"13,268.30","10,100",1,"13,268.30"
 Campaspe,2014,4 Western,2014,December,"6,240.30","2,330",1,"6,240.30"
 East Gippsland,2022,2 Eastern,2022,December,"6,847.60","3,350",1,"6,847.60"
 Hume,2020,1 North West Metro,2020,December,"6,624.90","16,141",1,"6,624.90"
 Swan Hill,2016,4 Western,2016,December,"8,303.00","1,735",1,"8,303.00"
 Pyrenees,2017,4 Western,2017,December,"4,873.70",357,1,"4,873.70"
 Melbourne,2023,1 North West Metro,2023,December,"15,451.80","27,260",1,"15,451.80"
 Moonee Valley,2021,1 North West Metro,2021,December,"4,932.10","6,064",1,"4,932.10"
 Horsham,2019,4 Western,2019,December,"6,534.70","1,320",1,"6,534.70"
 Wodonga,2015,2 Eastern,2015,December,"6,672.10","2,617",1,"6,672.10"
 Northern Grampians,2019,4 Western,2019,December,"6,526.00",764,1,"6,526.00"
 Hepburn,2018,4 Western,2018,December,"3,785.70",602,1,"3,785.70"
 Bass Coast,2021,2 Eastern,2021,December,"5,263.70","2,141",1,"5,263.70"
 Towong,2015,2 Eastern,2015,December,"2,781.00",167,1,"2,781.00"
 Surf Coast,2020,4 Western,2020,December,"3,341.10","1,197",1,"3,341.10"
 Macedon Ranges,2014,4 Western,2014,December,"3,243.80","1,475",1,"3,243.80"
 Alpine,2020,2 Eastern,2020,December,"3,163.80",413,1,"3,163.80"
 Yarriambiack,2020,4 Western,2020,December,"5,435.90",361,1,"5,435.90"
 Casey,2018,3 Southern Metro,2018,December,"4,720.70","15,960",1,"4,720.70"
 Unincorporated Vic,2017,Unincorporated Vic,2017,December,,119,1,
 Indigo,2015,2 Eastern,2015,December,"2,386.60",380,1,"2,386.60"
 Loddon,2021,4 Western,2021,December,"5,283.70",407,1,"5,283.70"
 Cardinia,2015,3 Southern Metro,2015,December,"5,068.40","4,678",1,"5,068.40"
 Moira,2018,2 Eastern,2018,December,"5,235.70","1,566",1,"5,235.70"
 Frankston,2023,3 Southern Metro,2023,December,"7,496.90","10,686",1,"7,496.90"
 Greater Shepparton,2016,2 Eastern,2016,December,"9,726.10","6,329",1,"9,726.10"
 Wellington,2017,2 Eastern,2017,December,"6,204.40","2,722",1,"6,204.40"
 Nillumbik,2014,1 North West Metro,2014,December,"2,500.30","1,586",1,"2,500.30"
 Colac-Otway,2014,4 Western,2014,December,"5,200.90","1,099",1,"5,200.90"
 Strathbogie,2022,2 Eastern,2022,December,"3,266.70",376,1,"3,266.70"
 Melton,2014,1 North West Metro,2014,December,"5,821.70","7,528",1,"5,821.70"
 Macedon Ranges,2019,4 Western,2019,December,"3,476.70","1,744",1,"3,476.70"
 Wodonga,2019,2 Eastern,2019,December,"6,639.10","2,794",1,"6,639.10"
 Glen Eira,2020,3 Southern Metro,2020,December,"4,050.90","6,265",1,"4,050.90"
 Hepburn,2014,4 Western,2014,December,"3,253.40",494,1,"3,253.40"
 Horsham,2015,4 Western,2015,December,"9,968.70","1,973",1,"9,968.70"
 Alpine,2023,2 Eastern,2023,December,"2,418.00",320,1,"2,418.00"
 Yarra,2015,1 North West Metro,2015,December,"11,177.30","10,051",1,"11,177.30"
 Corangamite,2022,4 Western,2022,December,"3,188.90",510,1,"3,188.90"
 Brimbank,2022,1 North West Metro,2022,December,"6,274.60","12,126",1,"6,274.60"
 Whitehorse,2023,2 Eastern,2023,December,"4,203.30","7,406",1,"4,203.30"
 Northern Grampians,2016,4 Western,2016,December,"8,089.90",936,1,"8,089.90"
 Pyrenees,2023,4 Western,2023,December,"3,483.50",268,1,"3,483.50"
 Melton,2017,1 North West Metro,2017,December,"5,411.20","8,047",1,"5,411.20"
 Murrindindi,2023,2 Eastern,2023,December,"3,740.50",581,1,"3,740.50"
 Knox,2020,2 Eastern,2020,December,"5,349.10","8,732",1,"5,349.10"
 Hepburn,2020,4 Western,2020,December,"3,439.60",562,1,"3,439.60"
 Stonnington,2017,3 Southern Metro,2017,December,"7,039.80","7,894",1,"7,039.80"
 Horsham,2021,4 Western,2021,December,"7,661.00","1,561",1,"7,661.00"
 Gannawarra,2020,4 Western,2020,December,"6,430.30",680,1,"6,430.30"
 Kingston,2021,3 Southern Metro,2021,December,"4,236.20","6,759",1,"4,236.20"
 Ararat,2017,4 Western,2017,December,"7,739.90",913,1,"7,739.90"
 Loddon,2018,4 Western,2018,December,"5,130.20",390,1,"5,130.20"
 Golden Plains,2020,4 Western,2020,December,"1,834.50",447,1,"1,834.50"
 Mansfield,2016,2 Eastern,2016,December,"5,545.30",481,1,"5,545.30"
 Frankston,2022,3 Southern Metro,2022,December,"6,490.70","9,157",1,"6,490.70"
 Maribyrnong,2017,1 North West Metro,2017,December,"7,335.50","6,464",1,"7,335.50"
 Hindmarsh,2016,4 Western,2016,December,"4,062.90",235,1,"4,062.90"
 Colac-Otway,2015,4 Western,2015,December,"5,619.40","1,193",1,"5,619.40"
 Wodonga,2017,2 Eastern,2017,December,"5,933.30","2,423",1,"5,933.30"
 Strathbogie,2021,2 Eastern,2021,December,"4,055.20",461,1,"4,055.20"
 Glen Eira,2021,3 Southern Metro,2021,December,"3,487.20","5,253",1,"3,487.20"
 Northern Grampians,2015,4 Western,2015,December,"6,965.00",811,1,"6,965.00"
 Queenscliffe,2014,4 Western,2014,December,"3,434.30",102,1,"3,434.30"
 Moyne,2022,4 Western,2022,December,"2,615.90",457,1,"2,615.90"
 Melbourne,2015,1 North West Metro,2015,December,"18,167.30","24,866",1,"18,167.30"
 Yarra,2014,1 North West Metro,2014,December,"11,416.10","9,958",1,"11,416.10"
 Moira,2014,2 Eastern,2014,December,"3,725.10","1,084",1,"3,725.10"
 Whitehorse,2020,2 Eastern,2020,December,"4,075.90","7,206",1,"4,075.90"
 Corangamite,2021,4 Western,2021,December,"3,705.60",594,1,"3,705.60"
 Brimbank,2021,1 North West Metro,2021,December,"6,427.80","12,639",1,"6,427.80"
 Benalla,2019,2 Eastern,2019,December,"6,750.00",961,1,"6,750.00"
 Mornington Peninsula,2021,3 Southern Metro,2021,December,"3,767.90","6,422",1,"3,767.90"
 Melton,2016,1 North West Metro,2016,December,"6,410.70","9,066",1,"6,410.70"
 Murrindindi,2022,2 Eastern,2022,December,"3,459.70",531,1,"3,459.70"
 Northern Grampians,2014,4 Western,2014,December,"5,918.30",697,1,"5,918.30"
 Ballarat,2014,4 Western,2014,December,"7,539.50","7,533",1,"7,539.50"
 Stonnington,2022,3 Southern Metro,2022,December,"7,927.20","8,436",1,"7,927.20"
 Gannawarra,2021,4 Western,2021,December,"5,190.80",551,1,"5,190.80"
 Warrnambool,2022,4 Western,2022,December,"5,644.10","2,007",1,"5,644.10"
 Queenscliffe,2019,4 Western,2019,December,"3,531.80",105,1,"3,531.80"
 Hepburn,2016,4 Western,2016,December,"4,695.70",729,1,"4,695.70"
 Greater Bendigo,2015,4 Western,2015,December,"5,775.70","6,348",1,"5,775.70"
 West Wimmera,2015,4 Western,2015,December,"2,591.80",103,1,"2,591.80"
 Horsham,2017,4 Western,2017,December,"7,884.10","1,575",1,"7,884.10"
 Wangaratta,2022,2 Eastern,2022,December,"5,661.60","1,693",1,"5,661.60"
 Wyndham,2019,1 North West Metro,2019,December,"4,837.10","13,215",1,"4,837.10"
 Whittlesea,2018,1 North West Metro,2018,December,"5,338.60","11,777",1,"5,338.60"
 Hobsons Bay,2018,1 North West Metro,2018,December,"5,058.30","4,813",1,"5,058.30"
 Yarra Ranges,2018,2 Eastern,2018,December,"3,511.00","5,541",1,"3,511.00"
 Knox,2014,2 Eastern,2014,December,"4,547.90","7,160",1,"4,547.90"
 South Gippsland,2017,2 Eastern,2017,December,"3,419.50","1,004",1,"3,419.50"
 Unincorporated Vic,2019,Unincorporated Vic,2019,December,,107,1,
 Banyule,2017,1 North West Metro,2017,December,"5,774.90","7,430",1,"5,774.90"
 Yarra,2016,1 North West Metro,2016,December,"12,154.70","11,291",1,"12,154.70"
 Mount Alexander,2023,4 Western,2023,December,"4,234.00",867,1,"4,234.00"
 Moorabool,2019,4 Western,2019,December,"4,459.00","1,596",1,"4,459.00"
 Nillumbik,2016,1 North West Metro,2016,December,"3,527.90","2,264",1,"3,527.90"
 Wodonga,2023,2 Eastern,2023,December,"6,999.20","3,100",1,"6,999.20"
 South Gippsland,2014,2 Eastern,2014,December,"3,159.10",901,1,"3,159.10"
 Maroondah,2020,2 Eastern,2020,December,"4,860.70","5,750",1,"4,860.70"
 Unincorporated Vic,2021,Unincorporated Vic,2021,December,,66,1,
 Greater Geelong,2023,4 Western,2023,December,"5,897.30","16,641",1,"5,897.30"
 Boroondara,2015,2 Eastern,2015,December,"3,374.50","5,897",1,"3,374.50"
 Manningham,2016,2 Eastern,2016,December,"3,230.80","3,960",1,"3,230.80"
 Justice Institutions and Immigration Facilities,2018,Justice Institutions and Immigration Facilities,2018,December,,"1,497",1,
 Loddon,2017,4 Western,2017,December,"3,897.50",295,1,"3,897.50"
 Port Phillip,2018,3 Southern Metro,2018,December,"8,963.90","9,926",1,"8,963.90"
 Hume,2019,1 North West Metro,2019,December,"6,745.10","15,876",1,"6,745.10"
 Swan Hill,2023,4 Western,2023,December,"7,079.90","1,497",1,"7,079.90"
 Casey,2022,3 Southern Metro,2022,December,"3,950.00","14,964",1,"3,950.00"
 Moyne,2018,4 Western,2018,December,"2,533.00",428,1,"2,533.00"
 Alpine,2014,2 Eastern,2014,December,"2,250.10",278,1,"2,250.10"
 Glen Eira,2015,3 Southern Metro,2015,December,"3,523.10","5,141",1,"3,523.10"
 Darebin,2023,1 North West Metro,2023,December,"6,823.00","10,605",1,"6,823.00"
 Boroondara,2018,2 Eastern,2018,December,"3,123.40","5,603",1,"3,123.40"
 Hepburn,2022,4 Western,2022,December,"2,897.30",480,1,"2,897.30"
 Horsham,2023,4 Western,2023,December,"8,769.10","1,786",1,"8,769.10"
 Mornington Peninsula,2023,3 Southern Metro,2023,December,"4,255.40","7,268",1,"4,255.40"
 Mansfield,2023,2 Eastern,2023,December,"3,401.70",357,1,"3,401.70"
 Golden Plains,2019,4 Western,2019,December,"2,037.00",485,1,"2,037.00"
 Yarriambiack,2023,4 Western,2023,December,"5,212.30",333,1,"5,212.30"
 Casey,2015,3 Southern Metro,2015,December,"5,059.60","15,155",1,"5,059.60"
 Hume,2014,1 North West Metro,2014,December,"6,913.00","13,223",1,"6,913.00"
 Hindmarsh,2023,4 Western,2023,December,"4,051.50",225,1,"4,051.50"
 Cardinia,2018,3 Southern Metro,2018,December,"4,206.80","4,499",1,"4,206.80"
 Ararat,2021,4 Western,2021,December,"8,497.50","1,005",1,"8,497.50"
 Whittlesea,2016,1 North West Metro,2016,December,"6,315.10","13,076",1,"6,315.10"
 Frankston,2018,3 Southern Metro,2018,December,"7,981.30","11,296",1,"7,981.30"
 Hobsons Bay,2016,1 North West Metro,2016,December,"5,710.30","5,336",1,"5,710.30"
 Buloke,2019,4 Western,2019,December,"3,908.50",241,1,"3,908.50"
 Wellington,2018,2 Eastern,2018,December,"6,384.40","2,824",1,"6,384.40"
 West Wimmera,2021,4 Western,2021,December,"4,072.40",162,1,"4,072.40"
 Buloke,2017,4 Western,2017,December,"2,539.80",158,1,"2,539.80"
 Greater Bendigo,2021,4 Western,2021,December,"6,358.40","7,711",1,"6,358.40"
 Macedon Ranges,2016,4 Western,2016,December,"3,466.70","1,646",1,"3,466.70"
 Glen Eira,2017,3 Southern Metro,2017,December,"3,549.40","5,349",1,"3,549.40"
 Latrobe,2021,2 Eastern,2021,December,"10,357.00","7,987",1,"10,357.00"
 Colac-Otway,2020,4 Western,2020,December,"6,101.30","1,359",1,"6,101.30"
 Murrindindi,2018,2 Eastern,2018,December,"3,914.60",570,1,"3,914.60"
 Moyne,2020,4 Western,2020,December,"3,112.70",532,1,"3,112.70"
 Melton,2020,1 North West Metro,2020,December,"5,811.60","10,087",1,"5,811.60"
 Stonnington,2018,3 Southern Metro,2018,December,"7,352.20","8,333",1,"7,352.20"
 Wodonga,2020,2 Eastern,2020,December,"6,047.00","2,580",1,"6,047.00"
 Northern Grampians,2022,4 Western,2022,December,"6,391.60",759,1,"6,391.60"
 Queenscliffe,2023,4 Western,2023,December,"2,166.80",71,1,"2,166.80"
 Warrnambool,2018,4 Western,2018,December,"8,347.90","2,907",1,"8,347.90"
 Ballarat,2023,4 Western,2023,December,"7,400.30","8,729",1,"7,400.30"
 Wyndham,2023,1 North West Metro,2023,December,"4,404.90","14,237",1,"4,404.90"
 Wangaratta,2018,2 Eastern,2018,December,"5,941.40","1,739",1,"5,941.40"
 Towong,2020,2 Eastern,2020,December,"2,544.60",157,1,"2,544.60"
 Manningham,2014,2 Eastern,2014,December,"2,620.60","3,130",1,"2,620.60"
Total,2021,Justice Institutions and Immigration Facilities,2021,December,,966,1,
Total,2014,4 Western,2014,December,"5,826.20","54,680",1,"5,826.20"
Total,2017,2 Eastern,2017,December,"4,962.90","83,221",1,"4,962.90"
Total,2021,2 Eastern,2021,December,"4,621.60","78,685",1,"4,621.60"
Total,2016,3 Southern Metro,2016,December,"6,580.80","98,823",1,"6,580.80"
Total,2023,2 Eastern,2023,December,"4,949.20","86,172",1,"4,949.20"
Total,2016,Unincorporated Vic,2016,December,,121,1,
Total,2021,1 North West Metro,2021,December,"5,994.90","132,721",1,"5,994.90"
Total,2015,1 North West Metro,2015,December,"7,349.30","145,347",1,"7,349.30"
Total,2020,Unincorporated Vic,2020,December,,37,1,
Total,2017,1 North West Metro,2017,December,"6,870.20","144,909",1,"6,870.20"
Total,2016,Justice Institutions and Immigration Facilities,2016,December,,"1,016",1,
Total,2019,4 Western,2019,December,"6,264.60","63,841",1,"6,264.60"
Total,2018,Justice Institutions and Immigration Facilities,2018,December,,"1,497",1,
Total,2022,1 North West Metro,2022,December,"5,836.20","131,651",1,"5,836.20"
Total,2016,4 Western,2016,December,"6,944.40","67,192",1,"6,944.40"
Total,2015,2 Eastern,2015,December,"4,785.70","78,018",1,"4,785.70"
Total,2014,3 Southern Metro,2014,December,"5,465.90","78,101",1,"5,465.90"
Total,2022,4 Western,2022,December,"5,330.50","56,499",1,"5,330.50"
Total,2023,3 Southern Metro,2023,December,"5,645.30","92,439",1,"5,645.30"
Total,2014,Unincorporated Vic,2014,December,,100,1,
Total,2021,4 Western,2021,December,"5,502.80","57,659",1,"5,502.80"
Total,2017,Unincorporated Vic,2017,December,,119,1,
Total,2018,1 North West Metro,2018,December,"6,926.30","149,919",1,"6,926.30"
Total,2017,3 Southern Metro,2017,December,"5,661.30","86,679",1,"5,661.30"
Total,2023,Justice Institutions and Immigration Facilities,2023,December,,983,1,
Total,2022,Justice Institutions and Immigration Facilities,2022,December,,"1,011",1,
Total,2019,Justice Institutions and Immigration Facilities,2019,December,,"1,356",1,
Total,2015,Justice Institutions and Immigration Facilities,2015,December,,775,1,
Total,2021,3 Southern Metro,2021,December,"4,941.10","78,200",1,"4,941.10"
Total,2021,Unincorporated Vic,2021,December,,66,1,
Total,2018,2 Eastern,2018,December,"4,878.60","82,711",1,"4,878.60"
Total,2015,4 Western,2015,December,"6,113.30","58,147",1,"6,113.30"
Total,2016,2 Eastern,2016,December,"5,452.10","90,233",1,"5,452.10"
Total,2020,Justice Institutions and Immigration Facilities,2020,December,,"1,327",1,
Total,2019,3 Southern Metro,2019,December,"5,900.10","93,735",1,"5,900.10"
Total,2023,1 North West Metro,2023,December,"6,088.40","142,960",1,"6,088.40"
Total,2020,2 Eastern,2020,December,"5,203.30","89,710",1,"5,203.30"
Total,2015,Unincorporated Vic,2015,December,,92,1,
Total,2022,2 Eastern,2022,December,"4,483.90","76,818",1,"4,483.90"
Total,2018,Unincorporated Vic,2018,December,,95,1,
Total,2015,3 Southern Metro,2015,December,"5,936.30","86,809",1,"5,936.30"
Total,2019,1 North West Metro,2019,December,"6,894.60","152,772",1,"6,894.60"
Total,2017,4 Western,2017,December,"6,334.40","62,365",1,"6,334.40"
Total,2014,2 Eastern,2014,December,"4,619.80","74,390",1,"4,619.80"
Total,2022,Unincorporated Vic,2022,December,,89,1,
Total,2018,4 Western,2018,December,"6,172.40","61,814",1,"6,172.40"
Total,2020,3 Southern Metro,2020,December,"5,934.00","95,215",1,"5,934.00"
Total,2020,4 Western,2020,December,"5,936.40","61,463",1,"5,936.40"
Total,2020,1 North West Metro,2020,December,"6,863.20","154,430",1,"6,863.20"
Total,2023,4 Western,2023,December,"5,881.10","63,105",1,"5,881.10"
Total,2014,Justice Institutions and Immigration Facilities,2014,December,,719,1,
Total,2014,1 North West Metro,2014,December,"7,138.90","136,814",1,"7,138.90"
Total,2019,Unincorporated Vic,2019,December,,107,1,
Total,2018,3 Southern Metro,2018,December,"5,729.70","89,429",1,"5,729.70"
Total,2016,1 North West Metro,2016,December,"7,919.70","162,195",1,"7,919.70"
Total,2022,3 Southern Metro,2022,December,"5,174.20","82,586",1,"5,174.20"
Total,2017,Justice Institutions and Immigration Facilities,2017,December,,"1,476",1,
Total,2019,2 Eastern,2019,December,"5,276.00","90,367",1,"5,276.00"
Total,2023,Unincorporated Vic,2023,December,,96,1,
 Justice Institutions and Immigration Facilities,2015,Justice Institutions and Immigration Facilities,2015,December,,775,1,
 Southern Grampians,2022,4 Western,2022,December,"4,727.60",775,1,"4,727.60"
 Stonnington,2020,3 Southern Metro,2020,December,"8,031.30","9,044",1,"8,031.30"
 Baw Baw,2022,2 Eastern,2022,December,"4,822.10","2,857",1,"4,822.10"
 Gannawarra,2023,4 Western,2023,December,"6,656.60",697,1,"6,656.60"
 Colac-Otway,2019,4 Western,2019,December,"5,835.60","1,286",1,"5,835.60"
 Mitchell,2018,2 Eastern,2018,December,"6,726.40","2,997",1,"6,726.40"
 Wyndham,2017,1 North West Metro,2017,December,"4,493.10","10,854",1,"4,493.10"
 Wangaratta,2020,2 Eastern,2020,December,"5,576.40","1,646",1,"5,576.40"
 Yarra Ranges,2016,2 Eastern,2016,December,"4,157.20","6,453",1,"4,157.20"
 South Gippsland,2019,2 Eastern,2019,December,"4,384.60","1,312",1,"4,384.60"
 Banyule,2019,1 North West Metro,2019,December,"5,393.30","7,044",1,"5,393.30"
 Moorabool,2017,4 Western,2017,December,"5,156.00","1,737",1,"5,156.00"
 Maribyrnong,2020,1 North West Metro,2020,December,"8,190.70","7,324",1,"8,190.70"
 Glenelg,2016,4 Western,2016,December,"6,948.70","1,373",1,"6,948.70"
 Mount Alexander,2021,4 Western,2021,December,"3,614.40",727,1,"3,614.40"
 Yarra,2018,1 North West Metro,2018,December,"11,844.50","11,312",1,"11,844.50"
 Campaspe,2016,4 Western,2016,December,"7,487.70","2,815",1,"7,487.70"
 Greater Dandenong,2014,3 Southern Metro,2014,December,"7,926.50","12,059",1,"7,926.50"
 Mildura,2021,4 Western,2021,December,"8,289.20","4,722",1,"8,289.20"
 Pyrenees,2015,4 Western,2015,December,"4,945.00",355,1,"4,945.00"
 Justice Institutions and Immigration Facilities,2016,Justice Institutions and Immigration Facilities,2016,December,,"1,016",1,
 Casey,2021,3 Southern Metro,2021,December,"3,875.40","14,322",1,"3,875.40"
 Southern Grampians,2017,4 Western,2017,December,"6,071.50",984,1,"6,071.50"
 Nillumbik,2019,1 North West Metro,2019,December,"2,567.30","1,655",1,"2,567.30"
 Towong,2017,2 Eastern,2017,December,"2,869.40",174,1,"2,869.40"
 Merri-bek,2022,1 North West Metro,2022,December,"5,281.10","9,228",1,"5,281.10"
 Ballarat,2018,4 Western,2018,December,"7,485.50","8,055",1,"7,485.50"
 Greater Geelong,2017,4 Western,2017,December,"6,946.50","17,115",1,"6,946.50"
 Monash,2019,2 Eastern,2019,December,"4,540.90","9,071",1,"4,540.90"
 Hobsons Bay,2017,1 North West Metro,2017,December,"5,191.30","4,908",1,"5,191.30"
 Whittlesea,2017,1 North West Metro,2017,December,"5,289.50","11,342",1,"5,289.50"
 Manningham,2022,2 Eastern,2022,December,"2,252.30","2,849",1,"2,252.30"
 Ararat,2018,4 Western,2018,December,"7,632.40",901,1,"7,632.40"
 Indigo,2017,2 Eastern,2017,December,"2,300.20",377,1,"2,300.20"
 Port Phillip,2016,3 Southern Metro,2016,December,"9,628.40","10,459",1,"9,628.40"
 Cardinia,2017,3 Southern Metro,2017,December,"4,244.20","4,340",1,"4,244.20"
 Swan Hill,2017,4 Western,2017,December,"8,415.20","1,773",1,"8,415.20"
 Hume,2021,1 North West Metro,2021,December,"5,077.80","12,538",1,"5,077.80"
 Ararat,2016,4 Western,2016,December,"7,381.90",867,1,"7,381.90"
 Bass Coast,2022,2 Eastern,2022,December,"4,914.10","2,054",1,"4,914.10"
 Wellington,2015,2 Eastern,2015,December,"6,865.60","2,964",1,"6,865.60"
 Boroondara,2016,2 Eastern,2016,December,"3,982.50","7,060",1,"3,982.50"
 Darebin,2021,1 North West Metro,2021,December,"6,350.10","9,544",1,"6,350.10"
 Kingston,2015,3 Southern Metro,2015,December,"5,161.80","8,065",1,"5,161.80"
 Baw Baw,2017,2 Eastern,2017,December,"5,436.00","2,766",1,"5,436.00"
 Moonee Valley,2014,1 North West Metro,2014,December,"5,472.90","6,445",1,"5,472.90"
 Moyne,2021,4 Western,2021,December,"3,064.30",530,1,"3,064.30"
 Surf Coast,2023,4 Western,2023,December,"2,449.20",968,1,"2,449.20"
 Southern Grampians,2020,4 Western,2020,December,"5,010.30",827,1,"5,010.30"
 Yarriambiack,2021,4 Western,2021,December,"4,316.40",281,1,"4,316.40"
 Greater Shepparton,2017,2 Eastern,2017,December,"9,004.60","5,939",1,"9,004.60"
 Indigo,2018,2 Eastern,2018,December,"2,058.60",342,1,"2,058.60"
 Greater Dandenong,2015,3 Southern Metro,2015,December,"8,657.50","13,511",1,"8,657.50"
 Frankston,2016,3 Southern Metro,2016,December,"8,949.00","12,484",1,"8,949.00"
 Port Phillip,2014,3 Southern Metro,2014,December,"8,672.00","9,058",1,"8,672.00"
 Central Goldfields,2022,4 Western,2022,December,"5,918.90",800,1,"5,918.90"
 Wellington,2016,2 Eastern,2016,December,"7,622.30","3,318",1,"7,622.30"
 Moyne,2017,4 Western,2017,December,"2,771.30",465,1,"2,771.30"
 Maribyrnong,2018,1 North West Metro,2018,December,"7,805.70","6,937",1,"7,805.70"
 Baw Baw,2021,2 Eastern,2021,December,"5,373.30","3,096",1,"5,373.30"
 Melton,2015,1 North West Metro,2015,December,"6,207.60","8,375",1,"6,207.60"
 Strathbogie,2023,2 Eastern,2023,December,"3,543.00",412,1,"3,543.00"
 Macedon Ranges,2018,4 Western,2018,December,"3,367.00","1,660",1,"3,367.00"
 Glen Eira,2019,3 Southern Metro,2019,December,"3,702.20","5,699",1,"3,702.20"
 Greater Shepparton,2015,2 Eastern,2015,December,"8,525.50","5,498",1,"8,525.50"
 Towong,2023,2 Eastern,2023,December,"3,193.60",198,1,"3,193.60"
 Ballarat,2020,4 Western,2020,December,"6,577.10","7,343",1,"6,577.10"
 Southern Grampians,2023,4 Western,2023,December,"4,942.70",807,1,"4,942.70"
 Nillumbik,2017,1 North West Metro,2017,December,"2,864.30","1,845",1,"2,864.30"
 Moorabool,2015,4 Western,2015,December,"5,046.00","1,602",1,"5,046.00"
 Ararat,2020,4 Western,2020,December,"9,145.80","1,090",1,"9,145.80"
 Golden Plains,2015,4 Western,2015,December,"2,538.80",543,1,"2,538.80"
 Whitehorse,2022,2 Eastern,2022,December,"3,369.40","5,811",1,"3,369.40"
 Glenelg,2019,4 Western,2019,December,"5,402.20","1,080",1,"5,402.20"
 Corangamite,2023,4 Western,2023,December,"3,421.80",545,1,"3,421.80"
 Brimbank,2023,1 North West Metro,2023,December,"6,607.20","12,994",1,"6,607.20"
 Merri-bek,2016,1 North West Metro,2016,December,"7,034.50","12,120",1,"7,034.50"
 Ararat,2022,4 Western,2022,December,"7,614.40",895,1,"7,614.40"
 Murrindindi,2020,2 Eastern,2020,December,"4,397.50",654,1,"4,397.50"
 Melton,2018,1 North West Metro,2018,December,"5,125.50","8,048",1,"5,125.50"
 Stonnington,2016,3 Southern Metro,2016,December,"8,265.50","9,175",1,"8,265.50"
 Bayside,2019,3 Southern Metro,2019,December,"3,817.30","4,013",1,"3,817.30"
 Queenscliffe,2017,4 Western,2017,December,"4,310.60",126,1,"4,310.60"
 Warrnambool,2020,4 Western,2020,December,"6,541.90","2,317",1,"6,541.90"
 Wangaratta,2016,2 Eastern,2016,December,"6,333.90","1,811",1,"6,333.90"
 Wyndham,2021,1 North West Metro,2021,December,"4,088.50","12,115",1,"4,088.50"
 Monash,2016,2 Eastern,2016,December,"4,652.00","8,961",1,"4,652.00"
 Banyule,2023,1 North West Metro,2023,December,"4,553.50","5,875",1,"4,553.50"
 Campaspe,2020,4 Western,2020,December,"6,493.10","2,492",1,"6,493.10"
 Mildura,2017,4 Western,2017,December,"8,666.30","4,804",1,"8,666.30"
 Benalla,2016,2 Eastern,2016,December,"7,287.90","1,019",1,"7,287.90"
 Melbourne,2014,1 North West Metro,2014,December,"18,554.40","23,745",1,"18,554.40"
 Justice Institutions and Immigration Facilities,2017,Justice Institutions and Immigration Facilities,2017,December,,"1,476",1,
 Southern Grampians,2015,4 Western,2015,December,"4,943.70",799,1,"4,943.70"
 Greater Shepparton,2019,2 Eastern,2019,December,"9,367.70","6,345",1,"9,367.70"
 Baw Baw,2018,2 Eastern,2018,December,"6,036.60","3,166",1,"6,036.60"
 Yarra Ranges,2015,2 Eastern,2015,December,"3,547.10","5,441",1,"3,547.10"
 Maroondah,2022,2 Eastern,2022,December,"4,520.70","5,230",1,"4,520.70"
 Hepburn,2021,4 Western,2021,December,"2,657.00",438,1,"2,657.00"
 Central Goldfields,2020,4 Western,2020,December,"6,073.40",808,1,"6,073.40"
 Greater Geelong,2021,4 Western,2021,December,"5,436.80","14,730",1,"5,436.80"
 Horsham,2020,4 Western,2020,December,"7,235.70","1,475",1,"7,235.70"
 Central Goldfields,2014,4 Western,2014,December,"6,248.10",805,1,"6,248.10"
 East Gippsland,2016,2 Eastern,2016,December,"6,789.50","3,096",1,"6,789.50"
 Maribyrnong,2016,1 North West Metro,2016,December,"8,269.90","7,190",1,"8,269.90"
 Greater Dandenong,2023,3 Southern Metro,2023,December,"8,817.40","14,257",1,"8,817.40"
 Manningham,2018,2 Eastern,2018,December,"2,675.70","3,347",1,"2,675.70"
 Port Phillip,2020,3 Southern Metro,2020,December,"9,278.90","10,260",1,"9,278.90"
 Southern Grampians,2021,4 Western,2021,December,"4,590.10",757,1,"4,590.10"
 Hume,2017,1 North West Metro,2017,December,"6,958.60","15,048",1,"6,958.60"
 Swan Hill,2021,4 Western,2021,December,"8,100.70","1,732",1,"8,100.70"
 Moonee Valley,2022,1 North West Metro,2022,December,"4,722.10","5,810",1,"4,722.10"
 Melbourne,2020,1 North West Metro,2020,December,"15,693.90","26,772",1,"15,693.90"
 Bayside,2017,3 Southern Metro,2017,December,"3,694.60","3,830",1,"3,694.60"
 Knox,2015,2 Eastern,2015,December,"4,632.60","7,352",1,"4,632.60"
 Buloke,2018,4 Western,2018,December,"2,928.90",182,1,"2,928.90"
 Merri-bek,2018,1 North West Metro,2018,December,"6,534.30","11,610",1,"6,534.30"
 Justice Institutions and Immigration Facilities,2020,Justice Institutions and Immigration Facilities,2020,December,,"1,327",1,
 Boroondara,2020,2 Eastern,2020,December,"3,506.40","6,237",1,"3,506.40"
 Darebin,2017,1 North West Metro,2017,December,"7,311.30","11,444",1,"7,311.30"
 Mildura,2014,4 Western,2014,December,"8,668.10","4,658",1,"8,668.10"
 Golden Plains,2017,4 Western,2017,December,"2,206.70",499,1,"2,206.70"
 Mansfield,2021,2 Eastern,2021,December,"3,606.40",365,1,"3,606.40"
 Latrobe,2022,2 Eastern,2022,December,"10,011.80","7,776",1,"10,011.80"
 Yarriambiack,2017,4 Western,2017,December,"5,292.20",355,1,"5,292.20"
 Monash,2022,2 Eastern,2022,December,"4,467.90","8,707",1,"4,467.90"
 East Gippsland,2014,2 Eastern,2014,December,"6,592.60","2,919",1,"6,592.60"
 Hindmarsh,2021,4 Western,2021,December,"5,445.50",308,1,"5,445.50"
 Benalla,2022,2 Eastern,2022,December,"6,502.00",940,1,"6,502.00"
 Murrindindi,2014,2 Eastern,2014,December,"3,777.30",517,1,"3,777.30"
 Strathbogie,2016,2 Eastern,2016,December,"4,624.90",479,1,"4,624.90"
 Wellington,2020,2 Eastern,2020,December,"7,362.80","3,321",1,"7,362.80"
 Warrnambool,2014,4 Western,2014,December,"5,888.10","1,986",1,"5,888.10"
 Knox,2022,2 Eastern,2022,December,"4,020.90","6,412",1,"4,020.90"
 West Wimmera,2023,4 Western,2023,December,"3,454.30",135,1,"3,454.30"
 Wangaratta,2014,2 Eastern,2014,December,"6,062.00","1,689",1,"6,062.00"
 Greater Bendigo,2023,4 Western,2023,December,"6,463.60","8,034",1,"6,463.60"
 Macedon Ranges,2022,4 Western,2022,December,"2,798.10","1,460",1,"2,798.10"
 Baw Baw,2020,2 Eastern,2020,December,"6,597.00","3,678",1,"6,597.00"
 Corangamite,2016,4 Western,2016,December,"4,512.70",733,1,"4,512.70"
 Brimbank,2016,1 North West Metro,2016,December,"7,392.60","15,095",1,"7,392.60"
 Whitehorse,2017,2 Eastern,2017,December,"3,777.80","6,512",1,"3,777.80"
 Greater Shepparton,2021,2 Eastern,2021,December,"8,608.40","5,899",1,"8,608.40"
 Unincorporated Vic,2018,Unincorporated Vic,2018,December,,95,1,
 Monash,2021,2 Eastern,2021,December,"4,425.30","8,536",1,"4,425.30"
 Mount Alexander,2015,4 Western,2015,December,"3,841.70",722,1,"3,841.70"
 Greater Dandenong,2022,3 Southern Metro,2022,December,"7,918.90","12,603",1,"7,918.90"
 Campaspe,2023,4 Western,2023,December,"7,525.90","2,909",1,"7,525.90"
 Frankston,2015,3 Southern Metro,2015,December,"7,925.10","10,920",1,"7,925.10"
 Mildura,2018,4 Western,2018,December,"9,874.60","5,545",1,"9,874.60"
 Central Goldfields,2018,4 Western,2018,December,"7,276.80",970,1,"7,276.80"
 Cardinia,2023,3 Southern Metro,2023,December,"3,915.60","4,981",1,"3,915.60"
 Gannawarra,2018,4 Western,2018,December,"4,895.80",519,1,"4,895.80"
 Buloke,2016,4 Western,2016,December,"2,689.40",169,1,"2,689.40"
 Colac-Otway,2022,4 Western,2022,December,"4,957.60","1,100",1,"4,957.60"
 Murrindindi,2016,2 Eastern,2016,December,"3,885.60",546,1,"3,885.60"
 Greater Dandenong,2021,3 Southern Metro,2021,December,"7,273.00","11,644",1,"7,273.00"
 Melton,2022,1 North West Metro,2022,December,"4,433.20","8,563",1,"4,433.20"
 Strathbogie,2014,2 Eastern,2014,December,"3,393.90",340,1,"3,393.90"
 Yarra Ranges,2021,2 Eastern,2021,December,"3,255.60","5,125",1,"3,255.60"
 South Gippsland,2022,2 Eastern,2022,December,"4,326.20","1,328",1,"4,326.20"
 Unincorporated Vic,2020,Unincorporated Vic,2020,December,,37,1,
 Buloke,2020,4 Western,2020,December,"4,629.60",285,1,"4,629.60"
 Greater Geelong,2015,4 Western,2015,December,"6,633.00","15,450",1,"6,633.00"
 Warrnambool,2016,4 Western,2016,December,"7,277.60","2,492",1,"7,277.60"
 Southern Grampians,2014,4 Western,2014,December,"4,343.30",706,1,"4,343.30"
 Baw Baw,2023,2 Eastern,2023,December,"5,372.70","3,259",1,"5,372.70"
 Queenscliffe,2021,4 Western,2021,December,"2,286.80",74,1,"2,286.80"
 Yarra,2023,1 North West Metro,2023,December,"10,406.90","10,218",1,"10,406.90"
 Melbourne,2022,1 North West Metro,2022,December,"15,443.80","24,709",1,"15,443.80"
 Moorabool,2020,4 Western,2020,December,"5,535.40","2,045",1,"5,535.40"
 Mount Alexander,2016,4 Western,2016,December,"4,979.80",951,1,"4,979.80"
 Moonee Valley,2020,1 North West Metro,2020,December,"5,085.70","6,448",1,"5,085.70"
 Cardinia,2019,3 Southern Metro,2019,December,"4,570.50","5,119",1,"4,570.50"
 Latrobe,2016,2 Eastern,2016,December,"14,002.60","10,449",1,"14,002.60"
 Monash,2017,2 Eastern,2017,December,"4,178.00","8,175",1,"4,178.00"
 Indigo,2014,2 Eastern,2014,December,"2,091.30",329,1,"2,091.30"
 Baw Baw,2014,2 Eastern,2014,December,"4,885.90","2,279",1,"4,885.90"
 Kingston,2016,3 Southern Metro,2016,December,"5,446.00","8,656",1,"5,446.00"
 Moyne,2023,4 Western,2023,December,"2,580.80",453,1,"2,580.80"
 Darebin,2015,1 North West Metro,2015,December,"7,549.30","11,473",1,"7,549.30"
 Maroondah,2018,2 Eastern,2018,December,"5,046.70","5,911",1,"5,046.70"
 Benalla,2018,2 Eastern,2018,December,"6,173.20",874,1,"6,173.20"
 East Gippsland,2020,2 Eastern,2020,December,"7,663.90","3,669",1,"7,663.90"
 Hume,2022,1 North West Metro,2022,December,"5,009.00","12,672",1,"5,009.00"
 Hindmarsh,2015,4 Western,2015,December,"2,789.30",162,1,"2,789.30"
 Swan Hill,2018,4 Western,2018,December,"8,385.10","1,781",1,"8,385.10"
 Monash,2018,2 Eastern,2018,December,"4,155.30","8,228",1,"4,155.30"
 Campaspe,2017,4 Western,2017,December,"6,627.20","2,505",1,"6,627.20"
 Mildura,2020,4 Western,2020,December,"8,110.20","4,650",1,"8,110.20"
 Greater Shepparton,2023,2 Eastern,2023,December,"8,237.70","5,734",1,"8,237.70"
 Bass Coast,2019,2 Eastern,2019,December,"4,903.80","1,836",1,"4,903.80"
 Buloke,2022,4 Western,2022,December,"3,367.10",206,1,"3,367.10"
 Greater Dandenong,2020,3 Southern Metro,2020,December,"9,035.40","14,967",1,"9,035.40"
 Knox,2021,2 Eastern,2021,December,"4,396.20","7,055",1,"4,396.20"
 Maribyrnong,2014,1 North West Metro,2014,December,"7,974.50","6,576",1,"7,974.50"
 Surf Coast,2018,4 Western,2018,December,"2,680.90",878,1,"2,680.90"
 Central Goldfields,2016,4 Western,2016,December,"7,732.90","1,012",1,"7,732.90"
 Bayside,2021,3 Southern Metro,2021,December,"3,262.10","3,338",1,"3,262.10"
 Justice Institutions and Immigration Facilities,2021,Justice Institutions and Immigration Facilities,2021,December,,966,1,
 Pyrenees,2016,4 Western,2016,December,"5,344.50",391,1,"5,344.50"
 Central Goldfields,2023,4 Western,2023,December,"6,422.60",873,1,"6,422.60"
 Greater Dandenong,2019,3 Southern Metro,2019,December,"8,833.00","14,689",1,"8,833.00"
 Golden Plains,2021,4 Western,2021,December,"1,767.60",440,1,"1,767.60"
 Mansfield,2017,2 Eastern,2017,December,"5,552.40",494,1,"5,552.40"
 Frankston,2021,3 Southern Metro,2021,December,"5,921.60","8,339",1,"5,921.60"
 Hindmarsh,2017,4 Western,2017,December,"4,853.40",278,1,"4,853.40"
 Mildura,2023,4 Western,2023,December,"10,514.80","6,046",1,"10,514.80"
 Latrobe,2015,2 Eastern,2015,December,"12,141.50","9,017",1,"12,141.50"
 Campaspe,2018,4 Western,2018,December,"7,486.60","2,841",1,"7,486.60"
 Moonee Valley,2018,1 North West Metro,2018,December,"5,324.90","6,682",1,"5,324.90"
 Hepburn,2017,4 Western,2017,December,"4,201.70",660,1,"4,201.70"
 Melbourne,2016,1 North West Metro,2016,December,"19,355.80","28,278",1,"19,355.80"
 Horsham,2016,4 Western,2016,December,"9,454.80","1,880",1,"9,454.80"
 Kingston,2022,3 Southern Metro,2022,December,"4,827.30","7,724",1,"4,827.30"
 Strathbogie,2020,2 Eastern,2020,December,"4,301.80",480,1,"4,301.80"
 Glen Eira,2022,3 Southern Metro,2022,December,"3,547.30","5,381",1,"3,547.30"
 Queenscliffe,2015,4 Western,2015,December,"5,250.60",154,1,"5,250.60"
 Mitchell,2014,2 Eastern,2014,December,"5,488.20","2,145",1,"5,488.20"
 West Wimmera,2019,4 Western,2019,December,"3,292.30",131,1,"3,292.30"
 Greater Bendigo,2019,4 Western,2019,December,"7,137.90","8,438",1,"7,137.90"
 Wyndham,2015,1 North West Metro,2015,December,"5,295.20","11,322",1,"5,295.20"
 Mansfield,2014,2 Eastern,2014,December,"4,621.80",388,1,"4,621.80"
 Moira,2019,2 Eastern,2019,December,"6,435.40","1,937",1,"6,435.40"
 Benalla,2020,2 Eastern,2020,December,"6,883.60",990,1,"6,883.60"
 Corangamite,2020,4 Western,2020,December,"4,029.10",649,1,"4,029.10"
 Whitehorse,2021,2 Eastern,2021,December,"3,323.10","5,685",1,"3,323.10"
 Glenelg,2014,4 Western,2014,December,"7,086.80","1,400",1,"7,086.80"
 Brimbank,2020,1 North West Metro,2020,December,"7,517.60","15,352",1,"7,517.60"
 Monash,2020,2 Eastern,2020,December,"4,922.00","9,883",1,"4,922.00"
 Stonnington,2023,3 Southern Metro,2023,December,"7,722.40","8,642",1,"7,722.40"
 Merri-bek,2014,1 North West Metro,2014,December,"6,273.70","10,295",1,"6,273.70"
 Gannawarra,2022,4 Western,2022,December,"4,728.90",498,1,"4,728.90"
 Bayside,2023,3 Southern Metro,2023,December,"4,241.80","4,385",1,"4,241.80"
 Colac-Otway,2018,4 Western,2018,December,"5,815.00","1,269",1,"5,815.00"
 Wyndham,2018,1 North West Metro,2018,December,"4,393.20","11,291",1,"4,393.20"
 West Wimmera,2014,4 Western,2014,December,"2,451.70",99,1,"2,451.70"
 Greater Bendigo,2014,4 Western,2014,December,"5,726.50","6,182",1,"5,726.50"
 Wangaratta,2023,2 Eastern,2023,December,"6,446.30","1,938",1,"6,446.30"
 Nillumbik,2015,1 North West Metro,2015,December,"3,048.30","1,941",1,"3,048.30"
 Yarra Ranges,2017,2 Eastern,2017,December,"3,649.70","5,719",1,"3,649.70"
 Knox,2019,2 Eastern,2019,December,"5,379.40","8,785",1,"5,379.40"
 South Gippsland,2018,2 Eastern,2018,December,"3,452.20","1,022",1,"3,452.20"
 Banyule,2016,1 North West Metro,2016,December,"5,870.70","7,482",1,"5,870.70"
 Moira,2016,2 Eastern,2016,December,"4,639.50","1,368",1,"4,639.50"
 Yarra,2019,1 North West Metro,2019,December,"11,468.30","11,072",1,"11,468.30"
 Moorabool,2016,4 Western,2016,December,"6,136.80","2,005",1,"6,136.80"
 Mount Alexander,2020,4 Western,2020,December,"3,821.70",762,1,"3,821.70"
 Glenelg,2023,4 Western,2023,December,"5,609.00","1,123",1,"5,609.00"
 Greater Dandenong,2018,3 Southern Metro,2018,December,"8,535.10","14,074",1,"8,535.10"
 Ararat,2014,4 Western,2014,December,"6,894.50",797,1,"6,894.50"
 Central Goldfields,2021,4 Western,2021,December,"5,953.10",797,1,"5,953.10"
 Towong,2019,2 Eastern,2019,December,"2,425.90",149,1,"2,425.90"
 Ballarat,2016,4 Western,2016,December,"9,154.60","9,475",1,"9,154.60"
 Greater Dandenong,2017,3 Southern Metro,2017,December,"8,387.30","13,665",1,"8,387.30"
 Justice Institutions and Immigration Facilities,2019,Justice Institutions and Immigration Facilities,2019,December,,"1,356",1,
 Maroondah,2021,2 Eastern,2021,December,"4,571.20","5,306",1,"4,571.20"
 Kingston,2017,3 Southern Metro,2017,December,"4,805.20","7,695",1,"4,805.20"
 Baw Baw,2015,2 Eastern,2015,December,"5,205.20","2,490",1,"5,205.20"
 South Gippsland,2015,2 Eastern,2015,December,"3,151.40",907,1,"3,151.40"
 Greater Geelong,2016,4 Western,2016,December,"7,776.50","18,627",1,"7,776.50"
 Unincorporated Vic,2014,Unincorporated Vic,2014,December,,100,1,
 Knox,2016,2 Eastern,2016,December,"5,713.60","9,162",1,"5,713.60"
 Boroondara,2014,2 Eastern,2014,December,"3,293.20","5,686",1,"3,293.20"
 Melbourne,2018,1 North West Metro,2018,December,"16,479.30","26,921",1,"16,479.30"
 Moonee Valley,2016,1 North West Metro,2016,December,"6,299.30","7,740",1,"6,299.30"
 Pyrenees,2019,4 Western,2019,December,"5,517.50",411,1,"5,517.50"
 Mornington Peninsula,2020,3 Southern Metro,2020,December,"4,760.10","8,101",1,"4,760.10"
 Manningham,2023,2 Eastern,2023,December,"2,855.50","3,654",1,"2,855.50"
 Indigo,2022,2 Eastern,2022,December,"3,226.50",562,1,"3,226.50"
 Port Phillip,2017,3 Southern Metro,2017,December,"8,828.30","9,669",1,"8,828.30"
 Swan Hill,2022,4 Western,2022,December,"6,982.30","1,482",1,"6,982.30"
 Hume,2018,1 North West Metro,2018,December,"6,892.30","15,544",1,"6,892.30"
 Moyne,2015,4 Western,2015,December,"2,453.10",407,1,"2,453.10"
 Alpine,2019,2 Eastern,2019,December,"3,301.30",426,1,"3,301.30"
 Wellington,2014,2 Eastern,2014,December,"6,752.40","2,900",1,"6,752.40"
 Bass Coast,2023,2 Eastern,2023,December,"5,092.90","2,175",1,"5,092.90"
 Boroondara,2017,2 Eastern,2017,December,"3,213.50","5,741",1,"3,213.50"
 Darebin,2020,1 North West Metro,2020,December,"7,649.50","12,014",1,"7,649.50"
 Whittlesea,2015,1 North West Metro,2015,December,"5,271.60","10,377",1,"5,271.60"
 Surf Coast,2022,4 Western,2022,December,"2,165.50",837,1,"2,165.50"
 Hobsons Bay,2015,1 North West Metro,2015,December,"5,845.70","5,359",1,"5,845.70"
 Yarriambiack,2022,4 Western,2022,December,"4,693.10",302,1,"4,693.10"
 Merri-bek,2021,1 North West Metro,2021,December,"5,369.50","9,316",1,"5,369.50"
 Moira,2022,2 Eastern,2022,December,"4,801.90","1,468",1,"4,801.90"
 Loddon,2015,4 Western,2015,December,"4,156.20",313,1,"4,156.20"
 Cardinia,2021,3 Southern Metro,2021,December,"3,908.90","4,674",1,"3,908.90"
 Indigo,2021,2 Eastern,2021,December,"2,347.70",405,1,"2,347.70"
 Frankston,2017,3 Southern Metro,2017,December,"7,610.90","10,701",1,"7,610.90"
 Warrnambool,2023,4 Western,2023,December,"6,374.60","2,276",1,"6,374.60"
 Queenscliffe,2018,4 Western,2018,December,"3,419.10",101,1,"3,419.10"
 Wyndham,2020,1 North West Metro,2020,December,"4,593.20","13,196",1,"4,593.20"
 Wangaratta,2017,2 Eastern,2017,December,"6,148.30","1,780",1,"6,148.30"
 Melbourne,2017,1 North West Metro,2017,December,"17,014.40","26,535",1,"17,014.40"
 Yarra Ranges,2019,2 Eastern,2019,December,"3,881.10","6,161",1,"3,881.10"
 Moonee Valley,2019,1 North West Metro,2019,December,"5,122.40","6,475",1,"5,122.40"
 South Gippsland,2016,2 Eastern,2016,December,"3,911.10","1,139",1,"3,911.10"
 Northern Grampians,2017,4 Western,2017,December,"7,264.30",842,1,"7,264.30"
 Banyule,2022,1 North West Metro,2022,December,"4,217.60","5,371",1,"4,217.60"
 Moorabool,2018,4 Western,2018,December,"5,089.10","1,764",1,"5,089.10"
 Yarra,2017,1 North West Metro,2017,December,"11,175.30","10,561",1,"11,175.30"
 Mount Alexander,2022,4 Western,2022,December,"3,292.80",669,1,"3,292.80"
 Benalla,2023,2 Eastern,2023,December,"7,210.50","1,045",1,"7,210.50"
 Moira,2020,2 Eastern,2020,December,"5,264.40","1,595",1,"5,264.40"
 Knox,2023,2 Eastern,2023,December,"4,557.90","7,334",1,"4,557.90"
 Maribyrnong,2015,1 North West Metro,2015,December,"8,147.90","6,908",1,"8,147.90"
 Maroondah,2023,2 Eastern,2023,December,"4,656.90","5,452",1,"4,656.90"
 Yarra Ranges,2014,2 Eastern,2014,December,"3,522.50","5,353",1,"3,522.50"
 Greater Geelong,2022,4 Western,2022,December,"5,201.00","14,378",1,"5,201.00"
 Wodonga,2021,2 Eastern,2021,December,"5,714.40","2,469",1,"5,714.40"
 Greater Shepparton,2018,2 Eastern,2018,December,"9,271.80","6,196",1,"9,271.80"
 East Gippsland,2017,2 Eastern,2017,December,"6,428.10","2,971",1,"6,428.10"
 Monash,2014,2 Eastern,2014,December,"3,698.60","6,885",1,"3,698.60"
 Manningham,2017,2 Eastern,2017,December,"2,980.00","3,699",1,"2,980.00"
 Loddon,2022,4 Western,2022,December,"4,323.70",335,1,"4,323.70"
 Port Phillip,2019,3 Southern Metro,2019,December,"8,748.30","9,779",1,"8,748.30"
 Swan Hill,2020,4 Western,2020,December,"8,456.20","1,818",1,"8,456.20"
 Moira,2023,2 Eastern,2023,December,"5,719.20","1,757",1,"5,719.20"
 Hume,2016,1 North West Metro,2016,December,"8,529.70","17,660",1,"8,529.70"
 Mitchell,2020,2 Eastern,2020,December,"6,679.40","3,211",1,"6,679.40"
 Hobsons Bay,2023,1 North West Metro,2023,December,"4,875.90","4,540",1,"4,875.90"
 Whittlesea,2023,1 North West Metro,2023,December,"3,920.00","9,589",1,"3,920.00"
 Ballarat,2021,4 Western,2021,December,"6,635.00","7,531",1,"6,635.00"
 Towong,2022,2 Eastern,2022,December,"2,098.10",130,1,"2,098.10"
 Glen Eira,2014,3 Southern Metro,2014,December,"3,014.00","4,331",1,"3,014.00"
 Buloke,2015,4 Western,2015,December,"2,822.70",178,1,"2,822.70"
 Darebin,2022,1 North West Metro,2022,December,"6,178.80","9,298",1,"6,178.80"
 Boroondara,2019,2 Eastern,2019,December,"3,438.10","6,177",1,"3,438.10"
 Kingston,2018,3 Southern Metro,2018,December,"5,276.90","8,532",1,"5,276.90"
 Wodonga,2022,2 Eastern,2022,December,"6,158.70","2,691",1,"6,158.70"
 Golden Plains,2018,4 Western,2018,December,"2,194.80",509,1,"2,194.80"
 Mansfield,2022,2 Eastern,2022,December,"2,660.90",275,1,"2,660.90"
 Campaspe,2022,4 Western,2022,December,"6,670.80","2,571",1,"6,670.80"
 Mildura,2019,4 Western,2019,December,"9,775.60","5,549",1,"9,775.60"
 Yarriambiack,2016,4 Western,2016,December,"4,894.00",330,1,"4,894.00"
 East Gippsland,2015,2 Eastern,2015,December,"7,013.90","3,147",1,"7,013.90"
 Hindmarsh,2022,4 Western,2022,December,"3,518.50",197,1,"3,518.50"
 Hume,2015,1 North West Metro,2015,December,"7,508.00","14,879",1,"7,508.00"
 Melbourne,2019,1 North West Metro,2019,December,"15,972.00","26,985",1,"15,972.00"
 Pyrenees,2020,4 Western,2020,December,"4,917.80",371,1,"4,917.80"
 Moonee Valley,2017,1 North West Metro,2017,December,"5,363.50","6,668",1,"5,363.50"
 Frankston,2019,3 Southern Metro,2019,December,"7,772.80","11,035",1,"7,772.80"
 Southern Grampians,2018,4 Western,2018,December,"6,819.70","1,111",1,"6,819.70"
 Wellington,2021,2 Eastern,2021,December,"6,463.70","2,939",1,"6,463.70"
 Knox,2017,2 Eastern,2017,December,"5,219.60","8,431",1,"5,219.60"
 West Wimmera,2022,4 Western,2022,December,"2,435.30",96,1,"2,435.30"
 Wangaratta,2015,2 Eastern,2015,December,"5,788.30","1,629",1,"5,788.30"
 Greater Bendigo,2022,4 Western,2022,December,"6,129.00","7,517",1,"6,129.00"
 Macedon Ranges,2023,4 Western,2023,December,"2,833.00","1,498",1,"2,833.00"
 Glen Eira,2016,3 Southern Metro,2016,December,"3,819.40","5,675",1,"3,819.40"
 Mildura,2016,4 Western,2016,December,"9,314.30","5,091",1,"9,314.30"
 Campaspe,2021,4 Western,2021,December,"6,328.50","2,440",1,"6,328.50"
 Frankston,2014,3 Southern Metro,2014,December,"7,801.40","10,624",1,"7,801.40"
 Loddon,2016,4 Western,2016,December,"5,054.20",382,1,"5,054.20"
 Justice Institutions and Immigration Facilities,2014,Justice Institutions and Immigration Facilities,2014,December,,719,1,
 Greater Shepparton,2020,2 Eastern,2020,December,"8,790.20","6,019",1,"8,790.20"
 Gannawarra,2019,4 Western,2019,December,"5,964.80",630,1,"5,964.80"
 Colac-Otway,2023,4 Western,2023,December,"4,935.90","1,101",1,"4,935.90"
 Nillumbik,2023,1 North West Metro,2023,December,"1,858.40","1,176",1,"1,858.40"
 Murrindindi,2019,2 Eastern,2019,December,"4,091.70",603,1,"4,091.70"
 Melton,2021,1 North West Metro,2021,December,"4,932.60","8,945",1,"4,932.60"
 Moyne,2019,4 Western,2019,December,"2,971.10",505,1,"2,971.10"
 Yarra Ranges,2020,2 Eastern,2020,December,"3,984.90","6,331",1,"3,984.90"
 South Gippsland,2023,2 Eastern,2023,December,"4,914.90","1,521",1,"4,914.90"
 Alpine,2015,2 Eastern,2015,December,"2,872.30",357,1,"2,872.30"
 Unincorporated Vic,2015,Unincorporated Vic,2015,December,,92,1,
 Bayside,2014,3 Southern Metro,2014,December,"3,237.60","3,231",1,"3,237.60"
 Merri-bek,2015,1 North West Metro,2015,December,"6,651.00","11,165",1,"6,651.00"
 Kingston,2020,3 Southern Metro,2020,December,"5,273.40","8,606",1,"5,273.40"
 Queenscliffe,2022,4 Western,2022,December,"2,795.00",90,1,"2,795.00"
 Warrnambool,2019,4 Western,2019,December,"7,418.00","2,604",1,"7,418.00"
 Moorabool,2021,4 Western,2021,December,"4,257.50","1,614",1,"4,257.50"
 Whittlesea,2021,1 North West Metro,2021,December,"4,033.10","9,350",1,"4,033.10"
 Yarra,2022,1 North West Metro,2022,December,"9,819.00","9,063",1,"9,819.00"
 Mount Alexander,2017,4 Western,2017,December,"3,974.70",767,1,"3,974.70"
 Hobsons Bay,2021,1 North West Metro,2021,December,"4,933.50","4,552",1,"4,933.50"
 Indigo,2020,2 Eastern,2020,December,"2,588.40",443,1,"2,588.40"
 Manningham,2015,2 Eastern,2015,December,"2,776.80","3,354",1,"2,776.80"
 Casey,2020,3 Southern Metro,2020,December,"4,760.30","17,326",1,"4,760.30"
 Latrobe,2020,2 Eastern,2020,December,"12,537.50","9,618",1,"12,537.50"
 Loddon,2019,4 Western,2019,December,"4,889.20",373,1,"4,889.20"
 Baw Baw,2019,2 Eastern,2019,December,"6,672.00","3,606",1,"6,672.00"
 Mitchell,2023,2 Eastern,2023,December,"5,060.30","2,767",1,"5,060.30"
 Stonnington,2014,3 Southern Metro,2014,December,"6,760.50","7,159",1,"6,760.50"
 Mornington Peninsula,2014,3 Southern Metro,2014,December,"4,908.00","7,681",1,"4,908.00"
 Maroondah,2019,2 Eastern,2019,December,"5,082.90","5,996",1,"5,082.90"
 Benalla,2015,2 Eastern,2015,December,"5,817.70",810,1,"5,817.70"
 Glenelg,2021,4 Western,2021,December,"5,982.70","1,200",1,"5,982.70"
 Southern Grampians,2016,4 Western,2016,December,"6,121.70",987,1,"6,121.70"
 East Gippsland,2021,2 Eastern,2021,December,"7,401.40","3,588",1,"7,401.40"
 Mildura,2022,4 Western,2022,December,"9,128.60","5,223",1,"9,128.60"
 Campaspe,2019,4 Western,2019,December,"7,653.20","2,918",1,"7,653.20"
 Latrobe,2014,2 Eastern,2014,December,"10,541.70","7,815",1,"10,541.70"
 Monash,2015,2 Eastern,2015,December,"3,977.80","7,525",1,"3,977.80"
 Port Phillip,2023,3 Southern Metro,2023,December,"8,869.30","9,861",1,"8,869.30"
 Central Goldfields,2015,4 Western,2015,December,"6,532.80",846,1,"6,532.80"
 Baw Baw,2016,2 Eastern,2016,December,"5,925.40","2,921",1,"5,925.40"
 Kingston,2014,3 Southern Metro,2014,December,"4,650.20","7,171",1,"4,650.20"
 Bass Coast,2018,2 Eastern,2018,December,"4,600.50","1,660",1,"4,600.50"
 Maribyrnong,2022,1 North West Metro,2022,December,"7,785.10","6,814",1,"7,785.10"
 Justice Institutions and Immigration Facilities,2022,Justice Institutions and Immigration Facilities,2022,December,,"1,011",1,
 Knox,2018,2 Eastern,2018,December,"4,968.60","8,072",1,"4,968.60"
 Surf Coast,2019,4 Western,2019,December,"2,931.60","1,003",1,"2,931.60"
 Unincorporated Vic,2022,Unincorporated Vic,2022,December,,89,1,
 Greater Shepparton,2022,2 Eastern,2022,December,"8,123.30","5,599",1,"8,123.30"
 Darebin,2018,1 North West Metro,2018,December,"7,385.60","11,603",1,"7,385.60"
 Southern Grampians,2019,4 Western,2019,December,"5,769.90",945,1,"5,769.90"
 Boroondara,2023,2 Eastern,2023,December,"3,522.40","6,137",1,"3,522.40"
 Glenelg,2022,4 Western,2022,December,"5,478.80","1,098",1,"5,478.80"
 Nillumbik,2021,1 North West Metro,2021,December,"2,162.30","1,372",1,"2,162.30"
 Golden Plains,2022,4 Western,2022,December,"1,769.90",448,1,"1,769.90"
 Mansfield,2018,2 Eastern,2018,December,"3,638.20",333,1,"3,638.20"
 Frankston,2020,3 Southern Metro,2020,December,"7,591.20","10,794",1,"7,591.20"
 Moira,2015,2 Eastern,2015,December,"3,769.50","1,104",1,"3,769.50"
 Casey,2019,3 Southern Metro,2019,December,"4,764.70","16,772",1,"4,764.70"
 Merri-bek,2020,1 North West Metro,2020,December,"5,990.70","10,785",1,"5,990.70"
 Latrobe,2018,2 Eastern,2018,December,"13,105.60","9,906",1,"13,105.60"
 Hindmarsh,2018,4 Western,2018,December,"4,463.20",254,1,"4,463.20"
 Swan Hill,2015,4 Western,2015,December,"7,725.10","1,614",1,"7,725.10"
 Campaspe,2015,4 Western,2015,December,"6,227.80","2,331",1,"6,227.80"
 Whittlesea,2019,1 North West Metro,2019,December,"5,337.20","12,066",1,"5,337.20"
 Hobsons Bay,2019,1 North West Metro,2019,December,"5,216.10","4,998",1,"5,216.10"
 Strathbogie,2019,2 Eastern,2019,December,"4,098.30",447,1,"4,098.30"
 Mitchell,2017,2 Eastern,2017,December,"7,106.50","3,059",1,"7,106.50"
 Glen Eira,2023,3 Southern Metro,2023,December,"3,930.50","6,086",1,"3,930.50"
 Horsham,2018,4 Western,2018,December,"7,849.90","1,575",1,"7,849.90"
 Wodonga,2014,2 Eastern,2014,December,"6,333.20","2,430",1,"6,333.20"
 Hepburn,2019,4 Western,2019,December,"4,495.50",724,1,"4,495.50"
 Greater Bendigo,2018,4 Western,2018,December,"6,655.70","7,733",1,"6,655.70"
 West Wimmera,2018,4 Western,2018,December,"3,229.10",128,1,"3,229.10"
 Wyndham,2014,1 North West Metro,2014,December,"5,040.40","10,157",1,"5,040.40"
 Mansfield,2015,2 Eastern,2015,December,"3,974.20",339,1,"3,974.20"
 Whitehorse,2018,2 Eastern,2018,December,"3,583.10","6,250",1,"3,583.10"
 Brimbank,2019,1 North West Metro,2019,December,"7,325.50","15,147",1,"7,325.50"
 Indigo,2023,2 Eastern,2023,December,"2,602.40",457,1,"2,602.40"
 Yarriambiack,2015,4 Western,2015,December,"4,614.70",315,1,"4,614.70"
 Corangamite,2019,4 Western,2019,December,"3,234.20",523,1,"3,234.20"
 Monash,2023,2 Eastern,2023,December,"5,139.30","10,252",1,"5,139.30"
 Port Phillip,2015,3 Southern Metro,2015,December,"9,200.90","9,788",1,"9,200.90"
 Wellington,2019,2 Eastern,2019,December,"7,328.30","3,274",1,"7,328.30"
 Greater Shepparton,2014,2 Eastern,2014,December,"8,806.50","5,629",1,"8,806.50"
 Alpine,2016,2 Eastern,2016,December,"2,122.80",267,1,"2,122.80"
 Towong,2021,2 Eastern,2021,December,"2,602.70",161,1,"2,602.70"
 Ballarat,2022,4 Western,2022,December,"6,911.50","8,014",1,"6,911.50"
 Greater Bendigo,2020,4 Western,2020,December,"6,747.40","8,094",1,"6,747.40"
 West Wimmera,2020,4 Western,2020,December,"3,279.90",131,1,"3,279.90"
 Greater Dandenong,2016,3 Southern Metro,2016,December,"9,657.20","15,473",1,"9,657.20"
 Macedon Ranges,2017,4 Western,2017,December,"3,300.60","1,598",1,"3,300.60"
 Maribyrnong,2023,1 North West Metro,2023,December,"8,189.50","7,660",1,"8,189.50"
 Unincorporated Vic,2023,Unincorporated Vic,2023,December,,96,1,
 Glen Eira,2018,3 Southern Metro,2018,December,"3,264.70","4,975",1,"3,264.70"
 Central Goldfields,2019,4 Western,2019,December,"6,682.10",892,1,"6,682.10"
 Casey,2017,3 Southern Metro,2017,December,"4,638.60","15,073",1,"4,638.60"
 Moorabool,2014,4 Western,2014,December,"4,683.60","1,455",1,"4,683.60"
 Pyrenees,2021,4 Western,2021,December,"4,305.00",328,1,"4,305.00"
 Golden Plains,2014,4 Western,2014,December,"2,234.60",467,1,"2,234.60"
 Mildura,2015,4 Western,2015,December,"8,641.70","4,680",1,"8,641.70"
 Latrobe,2023,2 Eastern,2023,December,"11,063.70","8,642",1,"11,063.70"
 Benalla,2014,2 Eastern,2014,December,"5,892.90",819,1,"5,892.90"
 Glenelg,2020,4 Western,2020,December,"5,385.20","1,080",1,"5,385.20"
 Colac-Otway,2021,4 Western,2021,December,"5,302.80","1,183",1,"5,302.80"
 Melton,2019,1 North West Metro,2019,December,"5,483.40","9,077",1,"5,483.40"
 Mornington Peninsula,2022,3 Southern Metro,2022,December,"3,909.50","6,633",1,"3,909.50"
 Murrindindi,2021,2 Eastern,2021,December,"3,679.20",557,1,"3,679.20"
 Stonnington,2019,3 Southern Metro,2019,December,"7,956.90","9,055",1,"7,956.90"
 Mitchell,2022,2 Eastern,2022,December,"4,799.20","2,479",1,"4,799.20"
 Queenscliffe,2016,4 Western,2016,December,"4,233.50",124,1,"4,233.50"
 Warrnambool,2021,4 Western,2021,December,"6,398.00","2,267",1,"6,398.00"
 Wangaratta,2019,2 Eastern,2019,December,"5,985.30","1,762",1,"5,985.30"
 Wyndham,2022,1 North West Metro,2022,December,"4,295.00","13,277",1,"4,295.00"
 Pyrenees,2022,4 Western,2022,December,"3,450.50",264,1,"3,450.50"
 Banyule,2020,1 North West Metro,2020,December,"5,146.10","6,705",1,"5,146.10"
 Indigo,2019,2 Eastern,2019,December,"2,571.70",434,1,"2,571.70"
 Bayside,2015,3 Southern Metro,2015,December,"3,596.40","3,642",1,"3,596.40"
 Merri-bek,2023,1 North West Metro,2023,December,"5,506.50","9,959",1,"5,506.50"
 Alpine,2022,2 Eastern,2022,December,"2,623.80",346,1,"2,623.80"
 Gannawarra,2015,4 Western,2015,December,"4,328.00",456,1,"4,328.00"
 Hepburn,2023,4 Western,2023,December,"3,181.10",530,1,"3,181.10"
 Horsham,2022,4 Western,2022,December,"7,808.40","1,588",1,"7,808.40"
 Mitchell,2021,2 Eastern,2021,December,"4,988.70","2,480",1,"4,988.70"
 Nillumbik,2022,1 North West Metro,2022,December,"1,851.20","1,167",1,"1,851.20"
 Maroondah,2017,2 Eastern,2017,December,"5,420.60","6,300",1,"5,420.60"
 Greater Geelong,2020,4 Western,2020,December,"6,218.00","16,542",1,"6,218.00"
 Unincorporated Vic,2016,Unincorporated Vic,2016,December,,121,1,
 East Gippsland,2019,2 Eastern,2019,December,"7,677.40","3,644",1,"7,677.40"
 Casey,2023,3 Southern Metro,2023,December,"4,368.70","17,110",1,"4,368.70"
 Manningham,2019,2 Eastern,2019,December,"3,013.20","3,823",1,"3,013.20"
 Moira,2021,2 Eastern,2021,December,"5,515.90","1,675",1,"5,515.90"
 Maribyrnong,2021,1 North West Metro,2021,December,"8,099.80","6,997",1,"8,099.80"
 Port Phillip,2021,3 Southern Metro,2021,December,"9,084.70","9,397",1,"9,084.70"
 Glenelg,2018,4 Western,2018,December,"5,182.70","1,031",1,"5,182.70"
 Central Goldfields,2017,4 Western,2017,December,"6,507.60",859,1,"6,507.60"
 Bass Coast,2016,2 Eastern,2016,December,"6,185.80","2,070",1,"6,185.80"
 Surf Coast,2017,4 Western,2017,December,"3,156.40",996,1,"3,156.40"
 Darebin,2016,1 North West Metro,2016,December,"8,526.60","13,227",1,"8,526.60"
 Boroondara,2021,2 Eastern,2021,December,"3,257.60","5,531",1,"3,257.60"
 Golden Plains,2016,4 Western,2016,December,"2,934.20",646,1,"2,934.20"
 Mansfield,2020,2 Eastern,2020,December,"3,788.80",371,1,"3,788.80"
 Mornington Peninsula,2016,3 Southern Metro,2016,December,"5,643.60","9,116",1,"5,643.60"
 Brimbank,2014,1 North West Metro,2014,December,"6,915.00","13,724",1,"6,915.00"
 Corangamite,2014,4 Western,2014,December,"2,900.90",474,1,"2,900.90"
 Yarriambiack,2018,4 Western,2018,December,"5,001.50",335,1,"5,001.50"
 Whitehorse,2015,2 Eastern,2015,December,"3,468.30","5,781",1,"3,468.30"
 Hindmarsh,2020,4 Western,2020,December,"5,469.30",310,1,"5,469.30"
 Glenelg,2017,4 Western,2017,December,"6,277.10","1,243",1,"6,277.10"
 Strathbogie,2017,2 Eastern,2017,December,"4,158.80",438,1,"4,158.80"
 Murrindindi,2015,2 Eastern,2015,December,"3,675.60",509,1,"3,675.60"
 Buloke,2014,4 Western,2014,December,"2,841.40",180,1,"2,841.40"
 Wellington,2023,2 Eastern,2023,December,"6,810.60","3,142",1,"6,810.60"
 Bass Coast,2014,2 Eastern,2014,December,"6,253.70","1,996",1,"6,253.70"
 Warrnambool,2015,4 Western,2015,December,"6,343.20","2,157",1,"6,343.20"
 Mitchell,2019,2 Eastern,2019,December,"6,771.20","3,140",1,"6,771.20"
 Greater Bendigo,2016,4 Western,2016,December,"7,066.20","7,933",1,"7,066.20"
 West Wimmera,2016,4 Western,2016,December,"2,743.20",108,1,"2,743.20"
 Hobsons Bay,2022,1 North West Metro,2022,December,"5,069.60","4,654",1,"5,069.60"
 Surf Coast,2015,4 Western,2015,December,"3,915.60","1,160",1,"3,915.60"
 Whittlesea,2022,1 North West Metro,2022,December,"3,755.40","8,899",1,"3,755.40"
 Macedon Ranges,2021,4 Western,2021,December,"2,845.00","1,468",1,"2,845.00"
 Kingston,2023,3 Southern Metro,2023,December,"5,647.60","9,163",1,"5,647.60"
 Corangamite,2017,4 Western,2017,December,"4,349.20",708,1,"4,349.20"
 Brimbank,2017,1 North West Metro,2017,December,"6,426.00","13,245",1,"6,426.00"
 Loddon,2023,4 Western,2023,December,"4,722.30",366,1,"4,722.30"
 Whitehorse,2016,2 Eastern,2016,December,"3,745.60","6,354",1,"3,745.60"
 Banyule,2014,1 North West Metro,2014,December,"5,440.10","6,806",1,"5,440.10"
 Merri-bek,2017,1 North West Metro,2017,December,"6,006.50","10,518",1,"6,006.50"
 Mount Alexander,2014,4 Western,2014,December,"3,626.80",671,1,"3,626.80"
 Casey,2016,3 Southern Metro,2016,December,"5,818.00","18,198",1,"5,818.00"
 Nillumbik,2020,1 North West Metro,2020,December,"2,531.00","1,628",1,"2,531.00"
 Indigo,2016,2 Eastern,2016,December,"1,973.40",319,1,"1,973.40"
 Gannawarra,2017,4 Western,2017,December,"4,187.90",444,1,"4,187.90"
 Colac-Otway,2017,4 Western,2017,December,"6,390.40","1,380",1,"6,390.40"
 Alpine,2021,2 Eastern,2021,December,"2,931.80",386,1,"2,931.80"
 Strathbogie,2015,2 Eastern,2015,December,"3,528.30",359,1,"3,528.30"
 Melton,2023,1 North West Metro,2023,December,"4,530.30","9,362",1,"4,530.30"
 Murrindindi,2017,2 Eastern,2017,December,"3,820.90",546,1,"3,820.90"
 Yarra Ranges,2022,2 Eastern,2022,December,"3,002.80","4,726",1,"3,002.80"
 Maroondah,2015,2 Eastern,2015,December,"5,123.70","5,791",1,"5,123.70"
 Maribyrnong,2019,1 North West Metro,2019,December,"7,717.40","6,904",1,"7,717.40"
 South Gippsland,2021,2 Eastern,2021,December,"3,896.30","1,184",1,"3,896.30"
 Greater Geelong,2014,4 Western,2014,December,"6,615.30","15,066",1,"6,615.30"
 Queenscliffe,2020,4 Western,2020,December,"3,198.70",99,1,"3,198.70"
 Warrnambool,2017,4 Western,2017,December,"7,673.80","2,649",1,"7,673.80"
 Cardinia,2014,3 Southern Metro,2014,December,"4,385.10","3,862",1,"4,385.10"
 Mount Alexander,2019,4 Western,2019,December,"4,625.30",911,1,"4,625.30"
 Yarra,2020,1 North West Metro,2020,December,"11,753.30","11,361",1,"11,753.30"
 Moorabool,2023,4 Western,2023,December,"4,542.80","1,792",1,"4,542.80"
 Loddon,2020,4 Western,2020,December,"5,106.40",391,1,"5,106.40"
 Ararat,2019,4 Western,2019,December,"7,205.60",853,1,"7,205.60"
 Towong,2014,2 Eastern,2014,December,"2,474.10",148,1,"2,474.10"
 Moonee Valley,2015,1 North West Metro,2015,December,"5,786.40","6,957",1,"5,786.40"
 Mornington Peninsula,2018,3 Southern Metro,2018,December,"4,885.20","8,137",1,"4,885.20"
 Greater Geelong,2019,4 Western,2019,December,"6,337.90","16,487",1,"6,337.90"
 Moyne,2016,4 Western,2016,December,"2,933.60",491,1,"2,933.60"
 Darebin,2014,1 North West Metro,2014,December,"7,339.90","10,974",1,"7,339.90"
 Pyrenees,2014,4 Western,2014,December,"4,909.90",346,1,"4,909.90"
 Manningham,2020,2 Eastern,2020,December,"2,679.20","3,429",1,"2,679.20"
 East Gippsland,2023,2 Eastern,2023,December,"7,494.90","3,702",1,"7,494.90"
 Swan Hill,2019,4 Western,2019,December,"8,744.80","1,872",1,"8,744.80"
 Hindmarsh,2014,4 Western,2014,December,"2,515.40",147,1,"2,515.40"
 Hume,2023,1 North West Metro,2023,December,"5,122.60","13,364",1,"5,122.60"
 Whittlesea,2020,1 North West Metro,2020,December,"5,250.60","12,131",1,"5,250.60"
 Latrobe,2017,2 Eastern,2017,December,"12,360.20","9,281",1,"12,360.20"
 Hobsons Bay,2020,1 North West Metro,2020,December,"4,712.50","4,486",1,"4,712.50"
 Horsham,2014,4 Western,2014,December,"7,985.60","1,577",1,"7,985.60"
 Wodonga,2018,2 Eastern,2018,December,"5,738.90","2,384",1,"5,738.90"
 Hepburn,2015,4 Western,2015,December,"3,808.50",584,1,"3,808.50"
 Bass Coast,2020,2 Eastern,2020,December,"5,247.80","2,044",1,"5,247.80"
 Merri-bek,2019,1 North West Metro,2019,December,"6,045.90","10,842",1,"6,045.90"
 Towong,2018,2 Eastern,2018,December,"2,918.00",178,1,"2,918.00"
 Ballarat,2017,4 Western,2017,December,"8,483.10","8,954",1,"8,483.10"
 Surf Coast,2021,4 Western,2021,December,"2,855.40","1,075",1,"2,855.40"
 Macedon Ranges,2015,4 Western,2015,December,"3,273.50","1,518",1,"3,273.50"
 Nillumbik,2018,1 North West Metro,2018,December,"2,547.20","1,644",1,"2,547.20"
 Mitchell,2016,2 Eastern,2016,December,"7,723.40","3,228",1,"7,723.40"
